lag_k,corr
-2,-0.15911489915530158
-1,-0.2788471788450562
0,-0.4042891843126946
1,-0.3880194508424142
2,-0.29726273787645124
